{
  "project_info": {
    "project_number": "163139297163",
    "project_id": "confidante-3f59f",
    "storage_bucket": "confidante-3f59f.appspot.com"
  },
  "client": [
    {
      "client_info": {
        "mobilesdk_app_id": "1:163139297163:android:570c42b0ff81f0dbe2598e",
        "android_client_info": {
          "package_name": "com.example.confidante"
        }
      },
      "oauth_client": [
        {
          "client_id": "163139297163-e1ugcq5rep2usevklmsct5sm1qd6emkc.apps.googleusercontent.com",
          "client_type": 3
        }
      ],
      "api_key": [
        {
          "current_key": "AIzaSyBqrqc72SwQpd94fxb7zP2quFHmJzhCFBA"
        }
      ],
      "services": {
        "appinvite_service": {
          "other_platform_oauth_client": [
            {
              "client_id": "163139297163-e1ugcq5rep2usevklmsct5sm1qd6emkc.apps.googleusercontent.com",
              "client_type": 3
            }
          ]
        }
      }
    }
  ],
  "configuration_version": "1"
}